{"cameraMode":{"drawMode":0,"name":"Shaded","section":"Shading Mode"},"sceneLighting":true,"audioPlay":false,"sceneViewState":{"m_AlwaysRefresh":false,"showFog":true,"showSkybox":false,"showFlares":true,"showImageEffects":true,"showParticleSystems":true,"showVisualEffectGraphs":true,"m_FxEnabled":true},"in2DMode":false,"pivot":{"x":-1.2739181518554688,"y":2.946915864944458,"z":2.1983399391174318},"rotation":{"x":0.048152945935726169,"y":0.9518382549285889,"z":-0.216350257396698,"w":0.21185030043125153},"size":10.626998901367188,"orthographic":false}